holo_id,apo_count,apo_RMSD_min,apo_RMSD_max,apo_RMSD_avg,holo_count,holo_RMSD_min,holo_RMSD_max,holo_RMSD_avg
2W72,2,0.96,1.23,1.095,650,0.06,1.97,0.634169230769231
6TN5,19,0.84,1.76,1.6157894736842102,368,0.72,2.55,1.449891304347826
1X8Q,1,0.86,0.86,0.86,48,0.19,1.06,0.6895833333333335
1E7S,1,0.46,0.46,0.46,6,0.1,0.45,0.2799999999999999
1XGK,1,0.2,0.2,0.2,28,0.25,1.13,0.6167857142857144
1KMV,1,0.93,0.93,0.93,104,0.45,1.3,0.8649038461538461
1M7H,1,1.28,1.28,1.28,9,0.32,1.4,0.7711111111111111
8DR9,65,0.1,0.55,0.2746153846153845,153,0.12,0.48,0.1946405228758169
2CNQ,3,0.31,0.44,0.3866666666666666,2,0.75,1.57,1.16
1US0,1,1.43,1.43,1.43,177,0.13,0.81,0.4322598870056496
4B1Y,10,1.68,2.17,1.891,496,0.46,2.07,1.3675201612903196
5YCE,1,0.63,0.63,0.63,346,0.4,1.67,0.6766473988439301
2BCG,5,2.41,2.68,2.466,2,0.34,2.03,1.1849999999999998
1ZK4,17,0.2,1.02,0.3735294117647059,11,0.11,0.31,0.2272727272727272
6DYF,213,0.74,4.77,1.7339906103286378,317,0.41,2.46,0.7142586750788646
2J46,1,0.84,0.84,0.84,26,0.67,2.49,1.3219230769230772
2CDB,1,0.66,0.66,0.66,7,0.15,0.72,0.32
4JP3,3,0.29,0.33,0.3033333333333333,4,0.19,0.29,0.2299999999999999
2J9E,1,1.51,1.51,1.51,16,1.06,2.27,1.63875
2RK1,4,0.15,0.45,0.2425,5,0.15,0.42,0.2219999999999999
7ULD,2,0.63,0.64,0.635,4,0.52,0.58,0.5499999999999999
2Q0K,3,0.53,1.0,0.82,2,0.46,0.92,0.6900000000000001
2QW8,2,0.34,0.34,0.34,10,0.15,0.4,0.247
4PF4,12,0.22,1.74,1.1324999999999998,57,0.23,1.84,0.7401754385964912
2Y5D,4,0.34,0.35,0.3425,4,0.29,0.36,0.3225
8UW0,5,0.89,1.51,1.326,184,0.28,1.48,0.8169021739130432
3LQ3,1,2.42,2.42,2.42,2,0.14,2.54,1.34
3G59,2,0.97,1.16,1.065,7,0.38,1.15,0.8014285714285714
7MO5,4,0.7,2.64,1.6775,182,0.3,2.79,1.8806043956043956
3KEQ,1,2.6,2.6,2.6,2,2.35,2.6,2.475
4CNZ,12,0.93,1.61,1.3608333333333331,21,0.88,1.71,1.2823809523809522
3MJS,2,0.61,0.67,0.64,12,0.22,0.6,0.4366666666666667
5IQX,2,0.54,1.35,0.945,58,1.16,1.94,1.583793103448276
3NCR,8,0.86,1.83,1.2925,3,0.63,0.69,0.6499999999999999
3OIF,2,0.52,0.56,0.54,2,0.52,0.67,0.595
5B4T,8,1.24,1.7,1.45875,13,0.05,0.44,0.2738461538461538
5LVO,9,0.42,1.32,1.1,70,0.3,2.08,0.7979999999999998
4BGA,3,0.61,0.63,0.6233333333333334,4,0.49,0.69,0.5674999999999999
4UP3,4,0.82,3.89,3.0925,8,0.16,3.01,1.5675
3UWK,4,1.03,1.18,1.0775,11,0.56,1.0,0.730909090909091
8ONV,23,1.25,3.04,1.9834782608695647,597,0.11,2.34,1.12
4GTA,9,0.18,1.45,0.7555555555555556,97,0.29,1.53,1.0049484536082476
4GKB,1,1.0,1.0,1.0,7,0.24,1.05,0.6571428571428571
4JL5,3,3.6,3.88,3.706666666666667,23,0.31,0.85,0.5034782608695652
4QNR,3,0.37,1.64,0.8399999999999999,12,0.25,2.17,0.9741666666666664
4OHU,10,0.3,1.12,0.671,284,0.1,1.48,0.6319718309859155
5C4N,1,1.97,1.97,1.97,1,1.06,1.06,1.06
4XYE,1,1.18,1.18,1.18,2,0.17,0.2,0.185
5AUS,2,1.1,1.48,1.29,10,1.03,2.58,1.9170000000000005
7R3D,1,2.92,2.92,2.92,24,0.3,0.59,0.4399999999999999
5BST,3,0.6,2.85,1.9,8,0.5,2.91,1.77
6V6U,25,1.38,2.34,1.626,132,0.37,2.37,1.3134090909090903
4PMJ,1,0.35,0.35,0.35,1,0.29,0.29,0.29
6NLG,27,0.09,0.21,0.1296296296296296,433,0.09,0.55,0.1780831408775982
5DCY,1,1.41,1.41,1.41,17,0.14,1.52,0.5229411764705882
6D4B,9,1.66,1.98,1.8500000000000003,11,0.08,1.93,1.261818181818182
5F0Z,1,2.06,2.06,2.06,4,0.14,1.27,0.54
5GME,6,0.64,0.65,0.6433333333333334,2,0.24,0.56,0.4
5IWU,2,1.63,1.92,1.775,6,0.72,1.9,1.0083333333333333
5JBG,1,2.39,2.39,2.39,2,0.38,0.8,0.5900000000000001
5L3Z,3,0.84,1.43,1.0833333333333333,1,0.83,0.83,0.83
5LUH,1,1.51,1.51,1.51,6,0.21,0.46,0.3433333333333333
6BMT,1,0.51,0.51,0.51,174,0.28,0.63,0.3898850574712645
6H0M,20,0.36,1.7,0.86,28,0.07,0.36,0.1699999999999999
5UGV,4,3.4,3.64,3.4775,14,0.86,3.87,2.5692857142857144
2HJG,1,1.26,1.26,1.26,6,1.23,2.04,1.4983333333333333
6M65,1,1.24,1.24,1.24,21,0.33,1.52,0.8657142857142857
2EXV,2,0.79,1.42,1.105,7,1.05,1.99,1.4899999999999998
5Y1G,2,0.24,0.24,0.24,2,0.45,0.56,0.505
4QX6,4,0.44,0.65,0.5325,4,0.76,0.78,0.77
5V1M,3,0.4,0.93,0.6766666666666666,1,0.39,0.39,0.39
6QAJ,423,0.52,7.21,1.9085342789598123,451,0.54,6.84,1.6598891352549867
6FGD,13,0.49,1.63,1.1161538461538465,13,0.28,2.11,0.6815384615384616
6EKK,2,2.46,2.49,2.475,3,1.26,2.71,2.223333333333333
6JSC,1,2.19,2.19,2.19,3,0.31,1.53,0.7533333333333333
6NTB,6,0.81,1.36,1.1416666666666668,16,0.44,1.19,0.8643749999999999
6R3Y,1,0.25,0.25,0.25,1,0.07,0.07,0.07
5Y6N,1,0.99,0.99,0.99,4,0.41,2.1,1.0125
6OK4,1,0.5,0.5,0.5,7,0.16,0.81,0.4357142857142858
6X9A,2,0.22,0.64,0.43,21,0.12,0.81,0.5333333333333333
8A0F,3,0.21,0.25,0.2233333333333333,32,0.15,1.22,0.4278125000000001
7D4O,1,1.11,1.11,1.11,8,0.44,1.17,0.8025
7QZN,1,0.35,0.35,0.35,3,0.38,0.56,0.46
7KRU,2,2.43,2.78,2.605,26,0.83,1.55,1.305
3APT,1,0.33,0.33,0.33,13,0.85,1.79,1.1615384615384614
8CRH,1,0.99,0.99,0.99,4,0.87,1.17,1.0
5J4L,7,0.86,1.31,1.0942857142857143,78,0.7,1.47,1.0362820512820514
8D0U,1,0.24,0.24,0.24,6,0.09,0.25,0.1533333333333333
8U96,3,0.9,1.29,1.09,4,0.13,0.76,0.445
9B20,2,1.13,1.13,1.13,4,0.62,1.03,0.825
