PDB_ID,Status,Conformers,Ligands,Ions,Apo_PDB_ID,Holo_PDB_ID,APO_vs_HOLO,APO_vs_HOLO_ALPHA,APO_vs_APO_ALPHA,HOLO_vs_HOLO_ALPHA,APO_ALPHA_vs_HOLO_ALPHA,HOLO_vs_APO_ALPHA
2w72,Success,3,['HEM'],['K'],5vmm,2w72,3.785067081451416,0.7270038723945618,0.6351919174194336,0.7123081684112549,0.3569370210170746,0.6015127301216125
6tn5,Success,1,[],['CL'],5j80,6tn5,0.2576241195201874,0.272276759147644,0.4210648238658905,0.2678592205047607,4.640476226806641,0.44321155548095703
1x8q,Success,1,['HEM'],[],2ofm,1x8q,0.2636294662952423,0.3280476927757263,0.3524399995803833,0.2316313534975052,0.1834811568260193,0.2589937150478363
1e7s,Success,1,['NAP'],[],1gfs,1e7s,0.2641831338405609,0.2833563387393951,0.2479927688837051,0.2028548270463943,0.1442311108112335,0.25430214405059814
1xgk,Success,1,[],['K'],1k6i,1xgk,0.1773521453142166,0.2434858083724975,0.2299107909202575,0.1943346261978149,0.1529266834259033,0.17159682512283325
1kmv,Success,1,['NDP'],[],1pdb,1kmv,0.6890032887458801,0.6770316362380981,0.6412376165390015,0.5250555872917175,0.1663416177034378,0.5687075853347778
1m7h,Success,1,['ADP'],[],1d6j,1m7h,0.8921723961830139,1.0385462045669556,0.8791496753692627,0.5978659987449646,0.341519832611084,0.564735472202301
8dr9,Success,1,[],['NA'],3n80,8dr9,51.66289138793945,0.1799836307764053,0.1702974289655685,0.2053149044513702,0.137351393699646,0.22595389187335968
2cnq,Success,1,['ADP'],['MG'],2cnu,2cnq,0.9901812672615052,0.5191517472267151,0.8026918768882751,1.078899621963501,0.7092178463935852,0.7983500957489014
1us0,Success,1,"['NDP', 'CIT']",[],1xgd,1us0,0.5888625979423523,0.5088538527488708,0.4691369235515594,0.1376635134220123,0.1540887951850891,0.2003105729818344
4b1y,Success,2,['ATP'],['MG'],7u8k,4b1y,1.5697057247161863,1.310826539993286,2.146769523620605,0.4797632694244385,1.2708673477172852,1.455474853515625
5yce,Success,1,['HEM'],[],1ufp,5yce,0.6060529351234436,0.4627609848976135,0.310798168182373,0.3338206708431244,0.3295553028583526,0.4989243149757385
2bcg,Success,2,['GDP'],['MG'],3cue,2bcg,31.333511352539062,1.9346128702163696,1.8968489170074463,0.255928635597229,0.3593992590904236,0.526677131652832
1zk4,Success,1,[],['MG'],7a2b,1zk4,0.1095983237028122,0.171620175242424,0.1660138219594955,0.1260249018669128,0.1514416635036468,0.17777231335639954
6dyf,Success,1,['HEC'],['CU'],1apc,6dyf,3.8038365840911865,3.3999927043914795,3.3575353622436523,0.3284011483192444,0.2733457386493683,0.3659241795539856
2j46,Success,1,[],['MN'],1ffh,2j46,0.459719568490982,0.6109067797660828,1.095964789390564,0.7227142453193665,1.58279550075531,1.510663628578186
2cdb,Success,1,[],['ZN'],2cd9,2cdb,0.290730208158493,0.4408150315284729,0.3199032247066498,0.2738423645496368,0.1255933195352554,0.17002923786640167
4jp3,Success,1,['CIT'],[],4jp2,4jp3,0.1582803726196289,0.3114276528358459,0.3846393823623657,0.3236855864524841,0.2480164021253585,0.3752644956111908
2j9e,Success,1,['ATP'],"['MG', 'NA']",2j9d,2j9e,0.2542406022548675,0.3030886948108673,0.3449200689792633,0.2482940256595611,0.5623148083686829,0.3669544458389282
2rk1,Success,1,['NAP'],[],2rh2,2rk1,0.0863369926810264,0.2320968806743621,0.1828159391880035,0.2146523147821426,0.2689007222652435,0.1840261071920395
7uld,Success,1,['GTP'],"['MN', 'NA']",2g9i,7uld,0.4485000967979431,0.5434080958366394,0.5360087752342224,0.4034412205219269,0.4897708296775818,0.7230846285820007
2q0k,Success,1,"['FAD', 'NAP']",[],3ish,2q0k,26.249900817871094,7.033581256866455,0.8201736211776733,7.269191741943359,6.5776448249816895,0.9123369455337524
2qw8,Success,1,['NAP'],[],2qys,2qw8,0.2602392435073852,0.2063272148370742,0.22592194378376,0.161299929022789,0.175070583820343,0.22050902247428894
4pf4,Success,1,[],"['MG', 'NA']",1jks,4pf4,0.2157102525234222,0.524073600769043,0.6085956692695618,0.4846953451633453,2.6070337295532227,0.6042061448097229
2y5d,Success,1,['NAP'],[],2y51,2y5d,0.1997029185295105,0.1836696416139602,0.2072326242923736,0.1482559293508529,0.0798450782895088,0.17253050208091736
8uw0,Success,1,[],['MN'],3k74,8uw0,0.4371735155582428,0.3853237926959991,0.416413813829422,0.3438285291194916,0.2332040071487426,0.2873942255973816
3lq3,Success,1,['ADP'],['MG'],2ig7,3lq3,0.9705550074577332,1.4091200828552246,0.4339371025562286,0.3020549714565277,1.5274062156677246,0.9681889414787292
3g59,Success,1,['ATP'],[],3fwk,3g59,0.1571472436189651,0.3419989645481109,0.2727331817150116,0.3601962327957153,0.1676758825778961,0.31256961822509766
7mo5,Success,2,['GDP'],"['MG', 'ZN']",2n1b,7mo5,1.0818605422973633,0.9816966652870178,0.9731104373931884,0.2835266292095184,0.1941544562578201,0.3775080144405365
3keq,Success,1,['NAD'],[],3keq,3keq,0.0,2.684586763381958,1.4505285024642944,2.684586763381958,0.6807478666305542,1.4505285024642944
4cnz,Success,1,['ADP'],[],4co3,4cnz,15.663869857788086,0.5581235885620117,0.4319704174995422,0.5390061736106873,0.2795552909374237,0.2991771399974823
3mjs,Success,1,['NDP'],[],3mjc,3mjs,0.2110450118780136,23.95506477355957,28.01658821105957,23.99473190307617,2.778106451034546,28.027591705322266
5iqx,Success,1,['HEM'],['NA'],3mok,5iqx,0.3949114084243774,0.4578571617603302,0.401804119348526,0.1748236417770385,0.1780480593442917,0.19946111738681793
3ncr,Success,1,['ADP'],['MG'],3ncp,3ncr,27.87533187866211,0.5201537609100342,0.3932331204414367,0.4499140381813049,0.3969190716743469,0.38894739747047424
3oif,Success,1,['NAD'],[],3oif,3oif,0.0,0.3893927931785583,0.4302360117435455,0.3893927931785583,0.1832527071237564,0.43023601174354553
5b4t,Success,1,[],['NA'],2yz7,5b4t,0.4249542653560638,0.3818337023258209,0.3793425858020782,0.2949239909648895,0.178175464272499,0.29504427313804626
5lvo,Success,1,['ATP'],['CL'],8dqt,5lvo,0.2339114546775818,0.4384715557098388,0.3776305913925171,0.3327497243881225,13.869876861572266,0.3937385380268097
4bga,Success,1,['ADP'],"['K', 'MG']",4bg9,4bga,0.4901587963104248,2.020570993423462,0.4524658918380737,2.4205167293548584,1.832762360572815,0.26517921686172485
4up3,Success,1,"['FAD', 'NDP']",[],4ccr,4up3,18.77113342285156,0.3045310974121094,0.7134628295898438,2.730587720870972,6.806314945220947,6.888120651245117
3uwk,Success,1,[],['MG'],3uxm,3uwk,18.82759666442871,0.803967297077179,0.3703473210334778,0.6386426091194153,0.7449928522109985,0.42945995926856995
8onv,Success,1,['GDP'],['MG'],6epp,8onv,0.5418289303779602,0.5699484944343567,0.5201638340950012,0.3973506391048431,0.1820849031209945,0.40331584215164185
4gta,Success,1,['FAD'],['CL'],5chp,4gta,0.1843508332967758,0.323607474565506,0.2974645793437958,0.2735661566257477,0.1397861540317535,0.243117094039917
4gkb,Success,1,[],['CA'],4gkb,4gkb,0.0,0.3143835067749023,0.2802165746688843,0.3143835067749023,0.3138110935688019,0.2802165746688843
4jl5,Success,1,['ADP'],[],2rh5,4jl5,19.729856491088867,1.8308041095733645,1.7369585037231443,0.5019348859786987,0.3402142822742462,0.3977731168270111
4qnr,Success,1,['ATP'],['MG'],7qv9,4qnr,1.850993275642395,1.6261790990829468,1.7879194021224976,0.9361377358436584,0.6525509357452393,0.9624791145324707
4ohu,Success,1,['NAD'],[],4trm,4ohu,40.44003677368164,0.3397597372531891,0.375598281621933,0.2872784733772278,0.2960906028747558,0.3610428273677826
5c4n,Success,1,['NAP'],[],5c4r,5c4n,1.4846054315567017,0.6747656464576721,0.826767086982727,1.157700777053833,0.4969556331634521,0.8158247470855713
4xye,Success,1,['NAD'],[],4xyg,4xye,0.9755018949508668,1.0272974967956543,0.9506362080574036,0.3013678789138794,0.2151894271373748,0.45546093583106995
5aus,Success,1,['HEC'],[],4zid,5aus,17.69405746459961,0.7632180452346802,0.5332422256469727,17.42333221435547,0.2258933186531067,17.976648330688477
7r3d,Success,1,[],['FE'],7qni,7r3d,3.141176700592041,2.876605033874512,2.8749468326568604,0.4091868698596954,0.1260613352060318,0.4421589970588684
5bst,Success,1,[],['MG'],5u95,5bst,0.3686332106590271,0.3468707203865051,0.3307714462280273,0.3224278390407562,0.229811429977417,0.3443607687950134
6v6u,Success,1,['GDP'],['MG'],7g90,6v6u,0.4829913973808288,0.4875072240829468,0.4981069266796112,0.3375048637390136,0.1950904875993728,0.34695345163345337
4pmj,Success,1,['NAP'],[],4xap,4pmj,0.2888466715812683,0.368613600730896,0.32587531208992,0.3020231425762176,0.243107408285141,0.3272952735424042
6nlg,Success,1,['HEM'],['K'],6nlf,6nlg,25.714847564697266,0.2582236528396606,0.2648634612560272,0.2041473239660263,0.1229871585965156,0.2285134643316269
5dcy,Success,1,['NAP'],[],5dcw,5dcy,0.5791751146316528,0.5756739377975464,0.4068513512611389,0.2591545879840851,0.2715768218040466,0.40174439549446106
6d4b,Success,1,['NAD'],['CL'],5dna,6d4b,2.023646354675293,1.9282374382019043,1.72794771194458,0.2245333641767501,0.2262769043445587,0.2548750936985016
5f0z,Success,1,[],"['CA', 'NA']",5ey7,5f0z,0.5295052528381348,0.5449815392494202,0.5054273009300232,0.32672119140625,0.1928033083677292,0.2846842110157013
5gme,Success,1,"['ADP', 'AMP']",[],4z7y,5gme,0.4218851029872894,0.4910885989665985,0.5177642703056335,0.4371731877326965,0.2894985675811767,0.4750146269798279
5iwu,Success,1,[],['CA'],5uxa,5iwu,0.8656777143478394,0.7835074663162231,0.617515504360199,0.3592277467250824,0.307631105184555,0.44846677780151367
5jbg,Success,1,['ADP'],"['MG', 'ZN']",5jbj,5jbg,2.495638132095337,2.266606092453003,1.9254270792007449,1.5272821187973022,0.6178407073020935,1.5061355829238892
5l3z,Success,1,['NAP'],[],5l40,5l3z,0.1131089851260185,0.3952451050281524,0.4018702208995819,0.3558690547943115,0.3568549752235412,0.3945815861225128
5luh,Success,1,['ATP'],['CA'],4cs6,5luh,0.8816986083984375,1.137139081954956,0.8575073480606079,0.4427299201488495,0.5164214968681335,0.24878500401973724
6bmt,Success,2,['HEM'],['CA'],6azp,6bmt,0.2914371490478515,0.2863810956478119,0.2919104993343353,0.2408458143472671,0.1636120676994323,0.23306870460510254
6h0m,Success,1,[],['NA'],5ics,6h0m,0.4507414102554321,0.3667784035205841,0.3911684453487396,0.2177250683307647,0.126278206706047,0.24635130167007446
5ugv,Success,1,['NAD'],[],1yl5,5ugv,0.5546565055847168,3.1522014141082764,1.0474718809127808,3.364368200302124,2.477854490280152,1.29329252243042
2hjg,Success,1,[],['ZN'],4dcv,2hjg,0.3225084841251373,4.491910934448242,4.061496734619141,5.513218402862549,1.1361645460128784,5.099315643310547
6m65,Success,1,['GDP'],['MG'],5ggb,6m65,0.2095576226711273,0.3600287139415741,0.4685195982456207,0.3162766098976135,0.5563198328018188,0.4396089017391205
2exv,Success,1,['HEC'],[],3x39,2exv,8.626736640930176,1.185036301612854,0.7092245817184448,0.3222389817237854,0.2639994621276855,0.2731013298034668
5y1g,Success,1,['NAD'],[],5y1d,5y1g,0.2300041168928146,0.3845703601837158,0.5786807537078857,0.2875303328037262,0.3327683210372925,0.4827093183994293
4qx6,Success,1,['NAD'],[],6iep,4qx6,21.60313606262207,0.9599030017852784,0.8348897695541382,0.3058760464191437,0.3901346325874328,0.39262494444847107
5v1m,Success,1,[],['CL'],4h7w,5v1m,0.6232722997665405,0.6521063446998596,0.6013668179512024,0.3645216524600982,0.3940075039863586,0.31905239820480347
6qaj,Success,1,[],['ZN'],6zx9,6qaj,3.3635330200195312,3.235690116882324,2.871716260910034,0.573261559009552,0.4531109631061554,0.6599358320236206
6fgd,Success,1,['ADP'],"['CA', 'NA']",4pd0,6fgd,0.2989452183246612,0.6165950894355774,0.5330135226249695,0.5073622465133667,13.426772117614746,0.6588549613952637
6ekk,Success,2,['GDP'],[],3tw8,6ekk,27.750003814697266,1.238305687904358,1.0133122205734253,1.0778887271881104,0.2369350641965866,0.8756058216094971
6jsc,Success,1,['HEM'],['NA'],6jsd,6jsc,21.7098388671875,8.23708438873291,10.939123153686523,22.35632705688477,5.7790350914001465,21.560190200805664
6ntb,Success,1,['ATP'],['CL'],6n4a,6ntb,0.5477407574653625,0.3811836540699005,0.3707561194896698,0.5919507145881653,0.4088695347309112,0.41239920258522034
6r3y,Success,1,['HEM'],[],2fr2,6r3y,0.1309837400913238,0.3850597739219665,0.4240357875823974,0.3377856910228729,0.2796814739704132,0.414692759513855
5y6n,Success,1,['ADP'],['MN'],5jmt,5y6n,0.6677738428115845,0.8171886801719666,0.6816704273223877,0.4503832459449768,6.830386161804199,0.7532232403755188
6ok4,Success,1,['NAD'],['CL'],6x2e,6ok4,0.3186063170433044,0.385018914937973,0.3870968520641327,0.3849202692508697,0.1875123679637909,0.5108839869499207
6x9a,Success,1,['FAD'],[],6x99,6x9a,0.1539733707904815,0.5724193453788757,0.6291521191596985,0.6008031368255615,0.444022536277771,0.5901363492012024
8a0f,Success,1,['NAD'],[],6xxh,8a0f,0.2513948380947113,0.3274084329605102,0.3187019228935241,0.2824914455413818,0.2317538857460022,0.3463682532310486
7d4o,Success,1,['ATP'],['MG'],7d48,7d4o,0.7363448143005371,0.6853423714637756,0.7234522700309753,0.312365174293518,0.2170683294534683,0.3717252016067505
7qzn,Success,1,['NAD'],[],6iau,7qzn,0.4320442676544189,0.4850509464740753,0.3815313279628753,0.5352081060409546,0.4057187736034393,0.47340157628059387
7kru,Success,1,['ATP'],['MG'],1dkg,7kru,3.013298749923706,3.1863510608673096,3.129501342773437,1.5799211263656616,0.6008893847465515,1.356552004814148
3apt,Success,1,['FAD'],[],8eac,3apt,0.3008122444152832,0.6330840587615967,0.725593090057373,0.7584636211395264,0.2901515662670135,0.7802404165267944
8crh,Success,1,['NDP'],[],7zzx,8crh,0.7152985334396362,0.8068785071372986,0.9117382764816284,0.376641035079956,0.3161423504352569,0.46164393424987793
5j4l,Success,1,[],['CL'],6tuu,5j4l,0.4821301996707916,0.3674909770488739,0.4276123642921448,0.46786829829216,0.5419476628303528,0.5501558780670166
8d0u,Success,1,['GDP'],[],8d0p,8d0u,0.0701760351657867,0.6716925501823425,0.5208195447921753,0.6263511776924133,0.6323317289352417,0.5278201103210449
8u96,Success,1,['ATP'],['CL'],8sbn,8u96,0.3831238150596618,3.387932062149048,2.2379751205444336,3.308408260345459,1.287519931793213,2.0933330059051514
9b20,Success,1,[],['MG'],9b1z,9b20,0.3579128086566925,0.4107288122177124,0.4635870158672333,0.317410796880722,0.2844792902469635,0.45620962977409363
